{
  "Ernie_fp8": {
    "times": [
      6.143519878387451,
      5.719071865081787,
      5.727456092834473,
      5.708064079284668,
      5.9132161140441895,
      5.702400207519531,
      5.657472133636475
    ],
    "mean": 5.75404167175293,
    "peak_mib": 2019.47265625,
    "trimmed_mean": 5.75404167175293
  },
  "I2048_fp8": {
    "times": [
      6.342527866363525,
      6.372704029083252,
      6.345248222351074,
      6.3482561111450195,
      6.335072040557861,
      6.345183849334717,
      6.409632205963135
    ],
    "mean": 6.350784015655518,
    "peak_mib": 2570.34765625,
    "trimmed_mean": 6.350784015655518
  }
}