{
  "T8192_H3072_I1536_E8_K8": {
    "shape": {
      "S": 8192,
      "H": 3072,
      "I": 1536,
      "E": 8,
      "K": 8
    },
    "theory": {
      "TK": 65536,
      "flops_up": 1236950581248,
      "flops_down": 618475290624,
      "flops_total": 1855425871872,
      "bf16_compute_bound_us": 824.6,
      "fp8_compute_bound_us": 412.3,
      "bf16_mem_bound_us": 204.5,
      "fp8_mem_bound_us": 102.2,
      "bf16_roofline_us": 824.6,
      "fp8_roofline_us": 412.3,
      "arithmetic_intensity_bf16": 1134.3,
      "arithmetic_intensity_fp8": 2268.6
    },
    "precision": {
      "paddle_bf16": {
        "rrmse_mean": 0.005499942539752591,
        "rrmse_std": 1.673563724618348e-06,
        "cosine_mean": 0.9999848752143663,
        "cosine_std": 9.196711305444233e-09,
        "max_abs_mean": 5.16377297617816e-06,
        "max_abs_std": 2.643906576315149e-07,
        "mean_abs_mean": 4.0110612145114603e-07,
        "mean_abs_std": 3.164383620434768e-10
      },
      "paddle_fp8": {
        "rrmse_mean": 0.06525759959926523,
        "rrmse_std": 2.1964992003685297e-05,
        "cosine_mean": 0.9978690574456857,
        "cosine_std": 1.4250130571926106e-06,
        "max_abs_mean": 4.756957609181477e-05,
        "max_abs_std": 5.099058064772358e-07,
        "mean_abs_mean": 4.775252117787232e-06,
        "mean_abs_std": 4.707764438633958e-09
      },
      "sonic_bf16": {
        "rrmse_mean": 0.0046906399512941345,
        "rrmse_std": 1.759437203586817e-06,
        "cosine_mean": 0.9999889989201051,
        "cosine_std": 8.2468439743065e-09,
        "max_abs_mean": 4.567017876198956e-06,
        "max_abs_std": 3.695886251617174e-07,
        "mean_abs_mean": 3.4128438604994474e-07,
        "mean_abs_std": 3.533006098746338e-10
      },
      "sonic_fp8": {
        "rrmse_mean": 0.06529780740063224,
        "rrmse_std": 1.8376374727070684e-05,
        "cosine_mean": 0.9978667228090076,
        "cosine_std": 1.1834739339656669e-06,
        "max_abs_mean": 4.750628285271026e-05,
        "max_abs_std": 8.046348556190466e-07,
        "mean_abs_mean": 4.778233788696013e-06,
        "mean_abs_std": 4.502687203306054e-09
      }
    },
    "pairwise_precision": {
      "SonicMoE BF16\u2192FP8 dx": {
        "rrmse_mean": 0.07039774610061174,
        "cosine_mean": 0.9975199382556998,
        "max_abs_mean": 3.8623809814453125e-05,
        "mean_abs_mean": 3.644415666667882e-06
      },
      "Paddle FP8 vs Paddle BF16": {
        "rrmse_mean": 0.06525758059389421,
        "cosine_mean": 0.9978690448190057,
        "max_abs_mean": 4.887580871582031e-05,
        "mean_abs_mean": 4.778282594715266e-06
      },
      "SonicMoE FP8 vs SonicMoE BF16": {
        "rrmse_mean": 0.06523604998060775,
        "cosine_mean": 0.9978707342681318,
        "max_abs_mean": 4.76837158203125e-05,
        "mean_abs_mean": 4.776730328805318e-06
      },
      "Paddle FP8 vs SonicMoE FP8": {
        "rrmse_mean": 0.03777737705475814,
        "cosine_mean": 0.9992866260810657,
        "max_abs_mean": 2.956390380859375e-05,
        "mean_abs_mean": 2.7446658492649297e-06
      },
      "Paddle BF16 vs SonicMoE BF16": {
        "rrmse_mean": 0.004948467041893528,
        "cosine_mean": 0.9999877563163736,
        "max_abs_mean": 3.814697265625e-06,
        "mean_abs_mean": 3.1782561064788543e-07
      },
      "Gold ERNIE vs Gold SonicMoE": {
        "rrmse_mean": 9.432225705947979e-16,
        "cosine_mean": 1.0000000000000002,
        "max_abs_mean": 9.75781955236954e-19,
        "mean_abs_mean": 6.767567854686938e-20
      }
    },
    "memory": {
      "paddle_bf16": {
        "baseline": 696.8,
        "post_fwd": 1897.0,
        "post_bwd": 2329.3,
        "peak_fwd": 2425.3,
        "peak_total": 4402.0
      },
      "paddle_fp8": {
        "baseline": 728.8,
        "post_fwd": 1929.3,
        "post_bwd": 1977.3,
        "peak_fwd": 2014.8,
        "peak_total": 2843.8
      },
      "sonic_bf16": {
        "baseline": 697.3,
        "post_fwd": 1177.3,
        "post_bwd": 1105.3,
        "peak_fwd": 1753.3,
        "peak_total": 2129.3
      },
      "sonic_fp8": {
        "baseline": 623.1,
        "post_fwd": 1028.5,
        "post_bwd": 1142.5,
        "peak_fwd": 1696.4,
        "peak_total": 2178.5
      }
    },
    "nsys": {}
  }
}