{
  "shape": {
    "T": 8192,
    "H": 3072,
    "I": 1536,
    "E": 32,
    "K": 8
  },
  "precision": {
    "per_seed": [
      {
        "seed": 42,
        "bf16_round": {
          "o": {
            "rrmse": 0.60735928,
            "cosine": 0.81560995,
            "maxdiff": 0.00033474
          },
          "dw1": {
            "rrmse": 0.60709823,
            "cosine": 0.8157298,
            "maxdiff": 0.0055809
          },
          "dw2": {
            "rrmse": 0.60731235,
            "cosine": 0.81561549,
            "maxdiff": 0.00555038
          },
          "dx": {
            "rrmse": 0.60705787,
            "cosine": 0.81573095,
            "maxdiff": 0.02624512
          }
        },
        "fp8_pad": {
          "o": {
            "rrmse": 0.06516092,
            "cosine": 0.99787565,
            "maxdiff": 2.48e-05
          },
          "dw1": {
            "rrmse": 0.07027822,
            "cosine": 0.99752837,
            "maxdiff": 0.00061035
          },
          "dw2": {
            "rrmse": 0.07476702,
            "cosine": 0.99720286,
            "maxdiff": 0.00060749
          },
          "dx": {
            "rrmse": 0.07035257,
            "cosine": 0.99752314,
            "maxdiff": 0.00184631
          }
        },
        "fp8_round": {
          "o": {
            "rrmse": 0.60914435,
            "cosine": 0.81388577,
            "maxdiff": 0.00033545
          },
          "dw1": {
            "rrmse": 0.60923819,
            "cosine": 0.81371817,
            "maxdiff": 0.00532722
          },
          "dw2": {
            "rrmse": 0.6096683,
            "cosine": 0.81334254,
            "maxdiff": 0.00548172
          },
          "dx": {
            "rrmse": 0.609199,
            "cosine": 0.8137171,
            "maxdiff": 0.02642822
          }
        }
      },
      {
        "seed": 123,
        "bf16_round": {
          "o": {
            "rrmse": 0.60426478,
            "cosine": 0.81756939,
            "maxdiff": 0.00033808
          },
          "dw1": {
            "rrmse": 0.60404438,
            "cosine": 0.81763395,
            "maxdiff": 0.00534058
          },
          "dw2": {
            "rrmse": 0.60415228,
            "cosine": 0.81759286,
            "maxdiff": 0.00529575
          },
          "dx": {
            "rrmse": 0.60413536,
            "cosine": 0.8175632,
            "maxdiff": 0.02618408
          }
        },
        "fp8_pad": {
          "o": {
            "rrmse": 0.06514748,
            "cosine": 0.99787649,
            "maxdiff": 2.408e-05
          },
          "dw1": {
            "rrmse": 0.07027915,
            "cosine": 0.99752828,
            "maxdiff": 0.00059652
          },
          "dw2": {
            "rrmse": 0.07476355,
            "cosine": 0.99720301,
            "maxdiff": 0.00062561
          },
          "dx": {
            "rrmse": 0.07032483,
            "cosine": 0.99752508,
            "maxdiff": 0.00190735
          }
        },
        "fp8_round": {
          "o": {
            "rrmse": 0.6061012,
            "cosine": 0.81583396,
            "maxdiff": 0.00033808
          },
          "dw1": {
            "rrmse": 0.60622596,
            "cosine": 0.81561406,
            "maxdiff": 0.00540161
          },
          "dw2": {
            "rrmse": 0.60657824,
            "cosine": 0.8153076,
            "maxdiff": 0.00532627
          },
          "dx": {
            "rrmse": 0.60633733,
            "cosine": 0.81553019,
            "maxdiff": 0.0255127
          }
        }
      },
      {
        "seed": 777,
        "bf16_round": {
          "o": {
            "rrmse": 0.60743334,
            "cosine": 0.81558862,
            "maxdiff": 0.00034809
          },
          "dw1": {
            "rrmse": 0.60677356,
            "cosine": 0.8159371,
            "maxdiff": 0.00532532
          },
          "dw2": {
            "rrmse": 0.6073305,
            "cosine": 0.815625,
            "maxdiff": 0.00514221
          },
          "dx": {
            "rrmse": 0.60696839,
            "cosine": 0.81580843,
            "maxdiff": 0.0246582
          }
        },
        "fp8_pad": {
          "o": {
            "rrmse": 0.0651306,
            "cosine": 0.99787761,
            "maxdiff": 2.456e-05
          },
          "dw1": {
            "rrmse": 0.07028079,
            "cosine": 0.99752815,
            "maxdiff": 0.00060654
          },
          "dw2": {
            "rrmse": 0.07477947,
            "cosine": 0.99720184,
            "maxdiff": 0.00061035
          },
          "dx": {
            "rrmse": 0.0703815,
            "cosine": 0.99752105,
            "maxdiff": 0.00186157
          }
        },
        "fp8_round": {
          "o": {
            "rrmse": 0.60920776,
            "cosine": 0.81387324,
            "maxdiff": 0.0003438
          },
          "dw1": {
            "rrmse": 0.60893006,
            "cosine": 0.81392257,
            "maxdiff": 0.00511169
          },
          "dw2": {
            "rrmse": 0.60969559,
            "cosine": 0.81335627,
            "maxdiff": 0.0051651
          },
          "dx": {
            "rrmse": 0.60912691,
            "cosine": 0.81379112,
            "maxdiff": 0.02520752
          }
        }
      }
    ],
    "bf16_round_agg": {
      "o": {
        "mean_rrmse": 0.60635247,
        "max_rrmse": 0.60743334,
        "n_seeds": 3
      },
      "dw1": {
        "mean_rrmse": 0.60597206,
        "max_rrmse": 0.60709823,
        "n_seeds": 3
      },
      "dw2": {
        "mean_rrmse": 0.60626504,
        "max_rrmse": 0.6073305,
        "n_seeds": 3
      },
      "dx": {
        "mean_rrmse": 0.60605387,
        "max_rrmse": 0.60705787,
        "n_seeds": 3
      }
    },
    "fp8_pad_agg": {
      "o": {
        "mean_rrmse": 0.06514633,
        "max_rrmse": 0.06516092,
        "n_seeds": 3
      },
      "dw1": {
        "mean_rrmse": 0.07027939,
        "max_rrmse": 0.07028079,
        "n_seeds": 3
      },
      "dw2": {
        "mean_rrmse": 0.07477001,
        "max_rrmse": 0.07477947,
        "n_seeds": 3
      },
      "dx": {
        "mean_rrmse": 0.07035297,
        "max_rrmse": 0.0703815,
        "n_seeds": 3
      }
    },
    "fp8_round_agg": {
      "o": {
        "mean_rrmse": 0.6081511,
        "max_rrmse": 0.60920776,
        "n_seeds": 3
      },
      "dw1": {
        "mean_rrmse": 0.6081314,
        "max_rrmse": 0.60923819,
        "n_seeds": 3
      },
      "dw2": {
        "mean_rrmse": 0.60864738,
        "max_rrmse": 0.60969559,
        "n_seeds": 3
      },
      "dx": {
        "mean_rrmse": 0.60822108,
        "max_rrmse": 0.609199,
        "n_seeds": 3
      }
    }
  },
  "performance": {
    "bf16_raw_us": 3747.6,
    "fp8_round_us": 2915.1,
    "fp8_pad_us": 2949.8
  },
  "memory": {
    "bf16_raw": {
      "mode": "bf16",
      "base_mib": 928.4,
      "peak_fwd_mib": 1986.2,
      "peak_bwd_mib": 2705.7
    },
    "fp8_round": {
      "mode": "fp8",
      "base_mib": 1100.1,
      "peak_fwd_mib": 1895.4,
      "peak_bwd_mib": 2908.7
    },
    "bf16_round": {
      "mode": "bf16",
      "base_mib": 928.4,
      "peak_fwd_mib": 1986.2,
      "peak_bwd_mib": 2705.7,
      "note": "\u2248 bf16_raw (rounding changes routing, not tensor sizes)"
    },
    "fp8_pad": {
      "mode": "fp8_pad",
      "base_mib": 1104.4,
      "peak_fwd_mib": 1901.0,
      "peak_bwd_mib": 2913.8
    },
    "theoretical_overhead_mib": 0.0
  },
  "metadata": {
    "timestamp": "2026-04-16T18:52:49",
    "shape": {
      "T": 8192,
      "H": 3072,
      "I": 1536,
      "E": 8,
      "K": 8
    },
    "device": "NVIDIA B30Z",
    "gpu_index": 0,
    "torch_version": "2.11.0+cu130",
    "mode": "pad-audit",
    "precision_seeds": [],
    "bench_repeats": 0,
    "profile_trials": 0,
    "quack_version": "0.3.7"
  }
}